6413,BF32647_210912_133842_PATTERN_30_-1_7_0.jpg,crack,530.2233503,465.9898477,549.0050761,482.7411168
6414,BF32647_210912_133842_PATTERN_37_44_7_0.jpg,crack,485.0456853,169.035533,524.1319797,309.6446701
6415,BF32647_210912_133842_PATTERN_4_-1_7_0.jpg,crack,526.6700508,465.9898477,547.9898477,489.8477157
6416,BF32656_210917_041634_PATTERN_0_3_4_0.jpg,crack,18.04060914,5.583756345,38.34517766,26.39593909
6417,BF32656_210917_041634_PATTERN_0_3_4_0.jpg,crack,96.21319797,282.2335025,120.071066,309.6446701
6418,BF32656_210917_041634_PATTERN_14_12_5-8_0.jpg,crack,116.0101523,423.857868,160.680203,462.4365482
6419,BF32656_210917_041634_PATTERN_14_12_5-8_0.jpg,crack,7.888324873,462.9441624,29.20812183,489.3401015
6420,BF32656_210917_041634_PATTERN_20_39_4_0.jpg,crack,221.5939086,422.3350254,250.0203046,462.4365482
6421,BF32656_210917_041634_PATTERN_23_26_4_0.jpg,crack,247.9898477,406.0913706,278.4467005,452.7918782
6422,BF32656_210917_041634_PATTERN_24_13_4_0.jpg,crack,236.3147208,437.5634518,264.2335025,465.4822335
6423,BF32656_210917_041634_PATTERN_28_17_8_0.jpg,crack,28.70050761,4.060913706,80.98477157,23.85786802
6424,BF32656_210917_041634_PATTERN_36_36_4_0.jpg,crack,173.8781726,30.96446701,241.3908629,83.24873096
6425,BF32656_210917_041634_PATTERN_36_36_4_0.jpg,crack,406.1590909,58.06818182,433.4318182,75.68181818
6426,BF32656_210917_041634_PATTERN_36_36_4_0.jpg,crack,248.7727273,64.31818182,269.2272727,76.25
6427,BF32656_210917_041634_PATTERN_36_36_4_0.jpg,crack,381.4615385,58.84615385,398,69.61538462
6428,BF32656_210917_041634_PATTERN_36_36_4_0.jpg,crack,505.5620915,49.26143791,522.5555556,65.60130719
6429,BF32656_210917_041634_PATTERN_36_36_4_0.jpg,crack,396.4070796,38.9380531,416.7610619,55.30973451
6430,BF32656_210917_041634_PATTERN_36_6_4_0.jpg,crack,326.1624365,55.32994924,360.680203,83.24873096
6431,BF32656_210917_041634_PATTERN_36_6_4_0.jpg,crack,306.3654822,59.39086294,318.0406091,76.14213198
6432,BF32656_210917_041634_PATTERN_36_6_4_0.jpg,crack,270.3248731,73.60406091,288.5989848,86.29441624
6433,BF32656_210917_041634_PATTERN_36_6_4_0.jpg,crack,277.4314721,63.95939086,298.2436548,71.57360406
6434,BF32656_210917_041634_PATTERN_36_6_4_0.jpg,crack,285.5532995,48.22335025,301.7969543,61.92893401
6435,BF32656_210917_041634_PATTERN_37_26_5_0.jpg,crack,537.8375635,21.31979695,549.5126904,65.4822335
6436,BF32656_210917_041634_PATTERN_37_26_5_0.jpg,crack,518.0406091,376.142132,539.8680203,465.9898477
6437,BF32656_210917_041634_PATTERN_37_26_5_0.jpg,crack,160.1725888,402.0304569,182.5076142,446.1928934
6438,BF32656_210917_041634_PATTERN_37_26_5_0.jpg,crack,522.1015228,24.87309645,539.8680203,70.05076142
6439,BF32656_210917_041634_PATTERN_6_0_5_0.jpg,crack,21.08629442,31.97969543,68.29441624,57.36040609
6440,BF32656_210917_041634_PATTERN_6_0_5_0.jpg,crack,222.6091371,442.6395939,242.9137056,462.4365482
6441,BF32663_211028_075919_PATTERN_16_39_4_0.jpg,crack,517.0253807,409.6446701,565.248731,445.6852792
6442,BF32663_211028_075919_PATTERN_6_21_4_0.jpg,crack,456.6192893,0,492.1522843,58.88324873
6443,BF32669_211008_042658_PATTERN_13_15_5_0.jpg,crack,22.29441624,415.7360406,59.85786802,470.0507614
6444,BF32669_211008_042658_PATTERN_18_13_4_0.jpg,crack,21.78680203,77.66497462,64.42639594,114.213198
6445,BF32678_211028_075919_PATTERN_14_29_4_0.jpg,crack,446.6598985,422.3350254,484.7309645,449.7461929
6446,BF32678_211028_075919_PATTERN_14_33_4_0.jpg,crack,380.1624365,329.9492386,410.1116751,357.3604061
6447,BF32678_211028_075919_PATTERN_14_33_4_0.jpg,crack,523.5536723,460.700565,550,492
6448,BF32678_211028_075919_PATTERN_37_42_4_0.jpg,crack,262.3959391,254.3147208,396.4060914,377.1573604
6449,BF32678_211028_075919_PATTERN_37_42_4_0.jpg,crack,374.5786802,176.6497462,429.9086294,219.7969543
6450,BF32678_211028_075919_PATTERN_37_42_4_0.jpg,crack,396.4060914,227.4111675,423.3096447,292.893401
6451,BF32678_211028_075919_PATTERN_6_44_4_0.jpg,crack,384.7309645,354.822335,415.1878173,384.7715736
6452,BF32678_211028_075919_PATTERN_6_44_4_0.jpg,crack,367.9796954,353.2994924,398.4365482,394.4162437
6453,BF32678_211028_075919_PATTERN_6_44_4_0.jpg,crack,361.8883249,91.37055838,399.4517766,134.5177665
6454,BF32678_211028_075919_PATTERN_8_37_4_0.jpg,crack,387.7766497,117.7664975,420.2639594,149.2385787
6455,BF32681_210912_133842_PATTERN_-1_47_7_0.jpg,crack,528.0734463,0,548,24.54237288
6456,BF32681_210912_133842_PATTERN_-1_47_7_0.jpg,crack,365.3333333,339.5641026,399.6923077,392.8974359
6457,BF32681_210912_133842_PATTERN_-2_13_3_0.jpg,crack,366.964467,366.4974619,396.4060914,393.9086294
6458,BF32681_210912_133842_PATTERN_-2_16_3_0.jpg,crack,373.0558376,92.89340102,398.9441624,122.3350254
6459,BF32681_210912_133842_PATTERN_-2_16_3_0.jpg,crack,368.9949239,363.4517766,395.3908629,392.893401
6460,BF32681_210912_133842_PATTERN_-2_1_3_0.jpg,crack,352.2436548,358.8832487,391.3299492,396.9543147
6461,BF32681_210912_133842_PATTERN_-2_2_7_0.jpg,crack,363.4111675,355.8375635,395.8984772,395.4314721
6462,BF32681_210912_133842_PATTERN_-2_2_7_0.jpg,crack,354.2741117,92.89340102,399.4517766,136.5482234
6463,BF32681_210912_133842_PATTERN_-2_3_7_0.jpg,crack,358.3350254,358.8832487,394.8832487,395.4314721
6464,BF32681_210912_133842_PATTERN_-2_3_7_0.jpg,crack,365.9492386,94.41624365,397.928934,136.5482234
6465,BF32681_210912_133842_PATTERN_30_3_4_0.jpg,crack,278.1319797,346.7005076,349.1979695,450.7614213
6466,BF32681_210912_133842_PATTERN_30_3_4_0.jpg,crack,256.3045685,318.7817259,331.9390863,394.9238579
6467,BF32681_210912_133842_PATTERN_-2_5_7_0.jpg,crack,362.3959391,93.90862944,400.4670051,132.9949239
6468,BF32681_210912_133842_PATTERN_-2_5_7_0.jpg,crack,355.7969543,358.3756345,393.3604061,396.4467005
6469,BF32681_210912_133842_PATTERN_-2_6_7_0.jpg,crack,359.857868,357.8680203,395.3908629,400.5076142
6470,BF32681_210912_133842_PATTERN_-2_7_3_0.jpg,crack,358.3350254,90.35532995,395.3908629,126.9035533
6471,BF32681_210912_133842_PATTERN_-2_7_3_0.jpg,crack,363.4111675,364.9746193,396.9137056,397.4619289
6472,BF32681_210912_133842_PATTERN_0_0_7_0.jpg,crack,358.3350254,360.4060914,392.8527919,396.4467005
6473,BF32681_210912_133842_PATTERN_0_1_3_0.jpg,crack,367.9796954,94.41624365,399.9593909,129.9492386
6474,BF32681_210912_133842_PATTERN_0_1_3_0.jpg,crack,364.9340102,355.3299492,395.8984772,395.9390863
6475,BF32681_210912_133842_PATTERN_35_18_3_0.jpg,crack,487.2576177,160.9418283,536.8421053,316.066482
6476,BF32681_210912_133842_PATTERN_35_26_7_0.jpg,crack,480.1624365,190.8629442,519.7563452,313.1979695
6477,BF32681_210912_133842_PATTERN_12_47_7_0.jpg,crack,368.9949239,88.3248731,396.4060914,125.3807107
6478,BF32681_210912_133842_PATTERN_12_47_7_0.jpg,crack,366.4568528,344.1624365,396.9137056,388.3248731
6479,BF32681_210912_133842_PATTERN_35_28_7_0.jpg,crack,481.6852792,171.5736041,526.8629442,302.0304569
6480,BF32681_210912_133842_PATTERN_35_33_3_0.jpg,crack,483.8172043,180.6989247,528.4408602,305.9677419
6481,BF32681_210912_133842_PATTERN_14_22_6_0.jpg,crack,368.9949239,305.5837563,398.9441624,348.2233503
6482,BF32681_210912_133842_PATTERN_3_47_6_0.jpg,crack,367.9796954,90.35532995,395.8984772,131.4720812
6483,BF32681_210912_133842_PATTERN_3_47_6_0.jpg,crack,361.8883249,321.8274112,398.9441624,392.893401
6484,BF32681_210912_133842_PATTERN_14_47_7_0.jpg,crack,365.9492386,343.6548223,394.8832487,392.3857868
6485,BF32681_210912_133842_PATTERN_15_47_7_0.jpg,crack,368.4873096,349.7461929,397.4213198,393.9086294
6486,BF32681_210912_133842_PATTERN_15_47_7_0.jpg,crack,367.9796954,89.84771574,395.3908629,123.3502538
6487,BF32681_210912_133842_PATTERN_17_1_7_0.jpg,crack,360.8730964,350.2538071,396.4060914,391.3705584
6488,BF32681_210912_133842_PATTERN_18_40_6_0.jpg,crack,365.9492386,287.3096447,396.4060914,330.4568528
6489,BF32681_210912_133842_PATTERN_1_0_7_0.jpg,crack,364.9340102,355.3299492,393.3604061,389.8477157
6490,BF32681_210912_133842_PATTERN_4_45_4_0.jpg,crack,109.0964467,298.4771574,136.5076142,329.9492386
6491,BF32681_210912_133842_PATTERN_4_46_3_0.jpg,crack,0,183,26.35532995,217.7664975
6492,BF32681_210912_133842_PATTERN_4_46_3_0.jpg,crack,328.893401,110.6598985,355.7969543,139.0862944
6493,BF32681_210912_133842_PATTERN_1_47_6_0.jpg,crack,360.8730964,280.7106599,398.9441624,393.4010152
6494,BF32681_210912_133842_PATTERN_1_47_6_0.jpg,crack,366.964467,90.86294416,395.8984772,120.8121827
6495,BF32681_210912_133842_PATTERN_7_47_7_0.jpg,crack,365.9492386,319.7969543,400.4670051,388.3248731
6496,BF32681_210912_133842_PATTERN_7_47_7_0.jpg,crack,372.0406091,88.83248731,402.4974619,126.3959391
6497,BF32681_210912_133842_PATTERN_8_0_4_0.jpg,crack,73.56345178,86.29441624,92.85279188,109.6446701
6498,BF32681_210912_133842_PATTERN_8_0_4_0.jpg,crack,125.3401015,84.7715736,132.4467005,89.34010152
6499,BF32681_210912_133842_PATTERN_9_0_7_0.jpg,crack,357.319797,354.3147208,393.8680203,395.9390863
6500,BF32681_210912_133842_PATTERN_26_18_3_0.jpg,crack,524.8324873,4.060913706,545.6446701,25.88832487
6501,BF32681_210912_133842_PATTERN_9_10_3_0.jpg,crack,367.9796954,91.37055838,395.8984772,125.8883249
6502,BF32681_210912_133842_PATTERN_9_10_3_0.jpg,crack,372.5482234,224.3654822,395.3908629,254.822335
6503,BF32681_210912_133842_PATTERN_9_22_3_0.jpg,crack,527.8427673,466.1572327,549.8553459,490.6855346
6504,BF32681_210912_133842_PATTERN_9_7_3_0.jpg,crack,363.9187817,92.3857868,394.8832487,132.9949239
6505,BF32681_210912_133842_PATTERN_9_7_3_0.jpg,crack,366.4568528,365.4822335,393.3604061,394.9238579
6506,BF32681_211008_042658_PATTERN_0_24_5_0.jpg,crack,17.72588832,416.2436548,58.33502538,463.4517766
6507,BF32681_211008_042658_PATTERN_0_8_8_0.jpg,crack,534.2881356,0,552,31.88700565
6508,BF32681_211008_042658_PATTERN_11_28_4_0.jpg,crack,398.4365482,97.46192893,545.1370558,142.1319797
6509,BF32681_211008_042658_PATTERN_11_28_4_0.jpg,crack,162.9035533,79.69543147,225.3401015,115.7360406
6510,BF32681_211008_042658_PATTERN_11_28_4_0.jpg,crack,143.106599,120.8121827,173.0558376,155.8375635
6511,BF32681_211008_042658_PATTERN_11_28_4_0.jpg,crack,139.0456853,180.7106599,159.3502538,212.6903553
6512,BF32681_211008_042658_PATTERN_11_28_4_0.jpg,crack,279.6548223,117.2588832,308.0812183,156.3451777
6513,BF32681_211008_042658_PATTERN_11_28_4_0.jpg,crack,271.5329949,155.3299492,299.9593909,177.6649746
6514,BF32681_211008_042658_PATTERN_11_28_4_0.jpg,crack,363.9187817,129.4416244,390.3147208,150.7614213
6515,BF32681_211008_042658_PATTERN_11_28_4_0.jpg,crack,328.3857868,124.3654822,358.8426396,145.177665
6516,BF32681_211008_042658_PATTERN_11_28_4_0.jpg,crack,342.6439232,149.6801706,369.5095949,170.575693
6517,BF32681_211008_042658_PATTERN_11_28_4_0.jpg,crack,243.4640523,106.5359477,272.5490196,120.2614379
6518,BF32681_211008_042658_PATTERN_12_20_9_0.jpg,crack,498.9441624,172.0812183,537.5228426,306.5989848
6519,BF32681_211008_042658_PATTERN_13_0_4_0.jpg,crack,308.5888325,86.29441624,332.9543147,93.90862944
6520,BF32681_211008_042658_PATTERN_13_0_4_0.jpg,crack,337.5228426,88.3248731,354.2741117,95.43147208
6521,BF32681_211008_042658_PATTERN_13_0_4_0.jpg,crack,357.8274112,89.34010152,375.5939086,95.93908629
6522,BF32681_211008_042658_PATTERN_13_0_4_0.jpg,crack,378.6395939,89.84771574,409.6040609,97.46192893
6523,BF32681_211008_042658_PATTERN_13_0_4_0.jpg,crack,283.715736,23.35025381,305.035533,57.8680203
6524,BF32681_211008_042658_PATTERN_13_0_4_0.jpg,crack,304.0203046,23.35025381,333.9695431,52.79187817
6525,BF32681_211008_042658_PATTERN_13_0_4_0.jpg,crack,386.7614213,26.39593909,429.9086294,44.16243655
6526,BF32681_211008_042658_PATTERN_13_0_4_0.jpg,crack,335.4923858,32.48730964,358.8426396,48.22335025
6527,BF32681_211008_042658_PATTERN_13_0_4_0.jpg,crack,94.37563452,17.25888325,146.1522843,38.5786802
6528,BF32681_211008_042658_PATTERN_16_8_4_0.jpg,crack,226.3553299,94.41624365,238.0304569,99.49238579
6529,BF32681_211008_042658_PATTERN_16_8_4_0.jpg,crack,274.071066,92.3857868,287.2690355,97.96954315
6530,BF32681_211008_042658_PATTERN_16_8_4_0.jpg,crack,360.8730964,86.80203046,387.7766497,96.95431472
6531,BF32681_211008_042658_PATTERN_16_8_4_0.jpg,crack,329.4010152,83.75634518,345.6446701,97.96954315
6532,BF32681_211008_042658_PATTERN_17_13_2_0.jpg,crack,80.16243655,84.26395939,118.7411168,389.3401015
6533,BF32681_211008_042658_PATTERN_1_23_5_0.jpg,crack,29.90862944,430.964467,63.91878173,473.0964467
6534,BF32681_211008_042658_PATTERN_20_16_4_0.jpg,crack,309.6040609,427.9187817,356.3045685,466.4974619
6535,BF32681_211008_042658_PATTERN_2_29_5_0.jpg,crack,22.80203046,410.1522843,68.99492386,469.035533
6536,BF32681_211008_042658_PATTERN_5_1_4_0.jpg,crack,379.1472081,378.1725888,394.3756345,407.6142132
6537,BF32681_211008_042658_PATTERN_5_1_4_0.jpg,crack,318.7411168,402.0304569,343.6142132,414.213198
6538,BF32681_211008_042658_PATTERN_5_1_4_0.jpg,crack,263.9187817,367.5126904,271.5329949,379.6954315
6539,BF32681_211008_042658_PATTERN_5_1_4_0.jpg,crack,174.071066,102.0304569,195.3908629,109.6446701
6540,BF32681_211008_042658_PATTERN_5_1_4_0.jpg,crack,371.0253807,104.5685279,408.5888325,118.7817259
6541,BF32681_211008_042658_PATTERN_5_1_4_0.jpg,crack,389.2994924,163.4517766,403.5126904,173.0964467
6542,BF32681_211008_042658_PATTERN_5_1_4_0.jpg,crack,385.7461929,187.3096447,397.928934,196.9543147
6543,BF32681_211008_042658_PATTERN_5_1_4_0.jpg,crack,379.1472081,217.2588832,389.2994924,230.4568528
6544,BF32681_211008_042658_PATTERN_5_1_4_0.jpg,crack,389.2994924,252.284264,398.4365482,261.4213198
6545,BF32681_211008_042658_PATTERN_5_1_4_0.jpg,crack,383.715736,281.7258883,390.822335,290.3553299
6546,BF32681_211008_042658_PATTERN_5_1_4_0.jpg,crack,381.7058824,335.6631016,393.4705882,376.3048128
6547,BF32681_211008_042658_PATTERN_5_1_4_0.jpg,crack,181.7058824,83.25668449,194.0053476,93.4171123
6548,BF32681_211008_042658_PATTERN_5_1_4_0.jpg,crack,355.5026738,92.34759358,370.4759358,101.973262
6549,BF32681_211008_042658_PATTERN_5_1_4_0.jpg,crack,353.3636364,182.7219251,362.4545455,196.0909091
6550,BF32681_211008_042658_PATTERN_5_1_4_0.jpg,crack,362.9893048,190.2085561,375.8235294,201.973262
6551,BF32681_211008_042658_PATTERN_5_1_4_0.jpg,crack,353.8983957,279.513369,363.5240642,287.5347594
6552,BF32681_211008_042658_PATTERN_5_2_4_0.jpg,crack,369.5025381,23.35025381,393.8680203,55.83756345
6553,BF32681_211008_042658_PATTERN_5_2_4_0.jpg,crack,307.5736041,90.35532995,331.4314721,106.5989848
6554,BF32681_211008_042658_PATTERN_5_2_4_0.jpg,crack,247.1675127,82.74111675,298.9441624,101.0152284
6555,BF32681_211008_042658_PATTERN_5_2_4_0.jpg,crack,222.8020305,88.3248731,245.6446701,100.5076142
6556,BF32681_211008_042658_PATTERN_5_2_4_0.jpg,crack,133.9695431,87.81725888,196.9137056,96.44670051
6557,BF32681_211008_042658_PATTERN_5_2_4_0.jpg,crack,300.4670051,76.14213198,337.5228426,88.83248731
6558,BF32681_211008_042658_PATTERN_5_2_4_0.jpg,crack,338.5380711,77.66497462,373.0558376,89.34010152
6559,BF32681_211008_042658_PATTERN_5_2_4_0.jpg,crack,296.4060914,20.81218274,312.142132,73.60406091
6560,BF32681_211008_042658_PATTERN_5_2_4_0.jpg,crack,288.7918782,44.67005076,297.928934,56.34517766
6561,BF32681_211008_042658_PATTERN_5_2_4_0.jpg,crack,264.9340102,89.34010152,393.3604061,105.5837563
6562,BF32681_211008_042658_PATTERN_5_6_4_0.jpg,crack,74.07106599,24.36548223,94.88324873,43.65482234
6563,BF32681_211008_042658_PATTERN_5_6_4_0.jpg,crack,94.88324873,24.36548223,112.142132,54.82233503
6564,BF32681_211008_042658_PATTERN_5_6_4_0.jpg,crack,112.142132,23.85786802,132.9543147,48.22335025
6565,BF32681_211008_042658_PATTERN_5_6_4_0.jpg,crack,127.8781726,39.08629442,161.3807107,65.98984772
6566,BF32681_211008_042658_PATTERN_5_6_4_0.jpg,crack,149.7055838,24.87309645,174.5786802,38.07106599
6567,BF32681_211008_042658_PATTERN_5_6_4_0.jpg,crack,180.6700508,65.4822335,194.8832487,81.21827411
6568,BF32681_211008_042658_PATTERN_5_6_4_0.jpg,crack,128.893401,86.80203046,150.7208122,94.41624365
6569,BF32681_211008_042658_PATTERN_5_6_4_0.jpg,crack,121.2791878,77.15736041,131.4314721,95.43147208
6570,BF32681_211008_042658_PATTERN_5_6_4_0.jpg,crack,87.77664975,88.83248731,121.786802,100
6571,BF32681_211008_042658_PATTERN_5_6_4_0.jpg,crack,167.9796954,85.78680203,201.9898477,91.87817259
6572,BF32681_211008_042658_PATTERN_5_6_4_0.jpg,crack,167.9796954,92.89340102,201.9898477,102.5380711
6573,BF32681_211008_042658_PATTERN_5_6_4_0.jpg,crack,237.0152284,78.17258883,248.1827411,93.90862944
6574,BF32681_211008_042658_PATTERN_5_6_4_0.jpg,crack,288.7918782,88.83248731,331.4314721,96.95431472
6575,BF32681_211008_042658_PATTERN_5_6_4_0.jpg,crack,310.1116751,26.39593909,352.2436548,42.1319797
6576,BF32681_211008_042658_PATTERN_5_6_4_0.jpg,crack,211.6345178,23.85786802,235.4923858,34.01015228
6577,BF32681_211008_042658_PATTERN_5_6_4_0.jpg,crack,238.0304569,24.87309645,253.2588832,33.50253807
6578,BF32681_211008_042658_PATTERN_5_6_4_0.jpg,crack,294.3756345,30.96446701,309.0964467,43.14720812
6579,BF32681_211008_042658_PATTERN_5_7_4_0.jpg,crack,144.6294416,86.80203046,173.0558376,95.93908629
6580,BF32681_211008_042658_PATTERN_5_7_4_0.jpg,crack,175.5939086,86.80203046,187.7766497,94.41624365
6581,BF32681_211008_042658_PATTERN_5_7_4_0.jpg,crack,189.2994924,82.23350254,215.6954315,92.89340102
6582,BF32681_211008_042658_PATTERN_5_7_4_0.jpg,crack,222.2944162,79.69543147,243.6142132,89.34010152
6583,BF32681_211008_042658_PATTERN_5_7_4_0.jpg,crack,245.6446701,78.17258883,263.9187817,87.81725888
6584,BF32681_211008_042658_PATTERN_5_7_4_0.jpg,crack,353.7664975,126.3959391,363.9187817,136.0406091
6585,BF32681_211008_042658_PATTERN_5_7_4_0.jpg,crack,346.1522843,154.3147208,363.9187817,165.4822335
6586,BF32681_211008_042658_PATTERN_5_7_4_0.jpg,crack,275.0862944,52.79187817,305.5431472,74.61928934
6587,BF32681_211008_042658_PATTERN_5_7_4_0.jpg,crack,262.9035533,109.1370558,279.1472081,120.3045685
6588,BF32681_211008_042658_PATTERN_5_7_4_0.jpg,crack,283.2081218,114.7208122,295.3908629,123.3502538
6589,BF32681_211008_042658_PATTERN_5_7_4_0.jpg,crack,312.142132,127.9187817,321.786802,136.5482234
6590,BF32681_211008_042658_PATTERN_5_7_4_0.jpg,crack,93.36040609,88.3248731,112.142132,94.92385787
6591,BF32681_211008_042658_PATTERN_5_7_4_0.jpg,crack,97.92893401,98.98477157,124.3248731,109.6446701
6592,BF32681_211008_042658_PATTERN_5_7_4_0.jpg,crack,286.2538071,93.90862944,300.9746193,104.5685279
6593,BF32681_211008_042658_PATTERN_5_7_4_0.jpg,crack,197.928934,80.7106599,397.928934,134.0101523
6594,BF32681_211008_042658_PATTERN_8_12_4-5_0.jpg,crack,385.2385787,40.10152284,442.0913706,89.34010152
6595,BF32681_211008_042658_PATTERN_8_12_4-5_0.jpg,crack,136.5076142,87.81725888,159.857868,94.92385787
6596,BF32681_211008_042658_PATTERN_8_12_4-5_0.jpg,crack,163.4111675,74.11167513,197.928934,91.87817259
6597,BF32681_211008_042658_PATTERN_8_12_4-5_0.jpg,crack,198.9441624,77.15736041,244.6294416,90.86294416
6598,BF32681_211008_042658_PATTERN_8_12_4-5_0.jpg,crack,278.1319797,74.61928934,293.3604061,84.26395939
6599,BF32681_211008_042658_PATTERN_8_12_4-5_0.jpg,crack,294.3756345,67.00507614,318.7411168,77.15736041
6600,BF32681_211008_042658_PATTERN_8_12_4-5_0.jpg,crack,354.2741117,95.43147208,378.6395939,108.6294416
6601,BF32681_211008_042658_PATTERN_8_12_4-5_0.jpg,crack,163.4111675,113.1979695,191.8375635,122.3350254
6602,BF32681_211008_042658_PATTERN_8_12_4-5_0.jpg,crack,116.2030457,111.6751269,129.9086294,118.7817259
6603,BF32681_211008_042658_PATTERN_8_12_4-5_0.jpg,crack,219.7563452,117.2588832,232.9543147,124.3654822
6604,BF32681_211008_042658_PATTERN_8_12_4-5_0.jpg,crack,83.20812183,107.106599,91.32994924,126.3959391
6605,BF32681_211008_042658_PATTERN_8_12_4-5_0.jpg,crack,111.6345178,74.61928934,129.4010152,101.5228426
6606,BF32681_211008_042658_PATTERN_8_12_4-5_0.jpg,crack,89.29949239,90.35532995,391.8375635,136.0406091
6607,BF32681_211008_042658_PATTERN_8_13_4_0.jpg,crack,370.5177665,30.45685279,397.4213198,59.39086294
6608,BF32681_211008_042658_PATTERN_8_13_4_0.jpg,crack,370.0101523,92.89340102,394.3756345,100.5076142
6609,BF32681_211008_042658_PATTERN_8_13_4_0.jpg,crack,332.4467005,89.84771574,360.3654822,97.96954315
6610,BF32681_211008_042658_PATTERN_8_13_4_0.jpg,crack,277.1167513,87.81725888,290.3147208,95.43147208
6611,BF32681_211008_042658_PATTERN_8_13_4_0.jpg,crack,229.4010152,82.23350254,249.7055838,92.3857868
6612,BF32681_211008_042658_PATTERN_8_13_4_0.jpg,crack,108.0812183,77.66497462,121.786802,86.80203046
6613,BF32681_211008_042658_PATTERN_8_13_4_0.jpg,crack,122.8020305,76.64974619,167.4720812,86.29441624
6614,BF32681_211008_042658_PATTERN_8_13_4_0.jpg,crack,100.4670051,15.2284264,132.4467005,46.70050761
6615,BF32681_211008_042658_PATTERN_8_14_4_0.jpg,crack,381.177665,24.36548223,399.9593909,42.1319797
6616,BF32681_211008_042658_PATTERN_8_14_4_0.jpg,crack,372.0406091,86.29441624,386.2538071,94.92385787
6617,BF32681_211008_042658_PATTERN_8_14_4_0.jpg,crack,409.0964467,86.29441624,418.2335025,101.0152284
6618,BF32681_211008_042658_PATTERN_8_14_4_0.jpg,crack,111.1269036,84.7715736,181.177665,92.3857868
6619,BF32681_211008_042658_PATTERN_8_14_4_0.jpg,crack,345.1370558,38.07106599,367.9796954,53.29949239
6620,BF32681_211008_042658_PATTERN_8_14_4_0.jpg,crack,331.4314721,60.91370558,341.0761421,71.57360406
6621,BF32681_211008_042658_PATTERN_8_14_4_0.jpg,crack,91.83756345,97.96954315,112.6497462,385.2791878
6622,BF32681_211008_042658_PATTERN_8_15_4_0.jpg,crack,349.7055838,86.80203046,380.1624365,95.43147208
6623,BF32681_211008_042658_PATTERN_8_15_4_0.jpg,crack,327.8781726,89.34010152,348.6903553,95.93908629
6624,BF32681_211008_042658_PATTERN_8_15_4_0.jpg,crack,289.2994924,89.34010152,323.3096447,95.93908629
6625,BF32681_211008_042658_PATTERN_8_15_4_0.jpg,crack,232.4467005,89.34010152,277.1167513,96.95431472
6626,BF32681_211008_042658_PATTERN_8_15_4_0.jpg,crack,202.4974619,89.84771574,230.9238579,99.49238579
6627,BF32681_211008_042658_PATTERN_8_15_4_0.jpg,crack,202.4974619,27.91878173,218.2335025,38.5786802
6628,BF32681_211008_042658_PATTERN_8_15_4_0.jpg,crack,205.5431472,42.1319797,218.7411168,58.88324873
6629,BF32681_211008_042658_PATTERN_8_15_4_0.jpg,crack,203.5126904,67.00507614,217.2182741,86.80203046
6630,BF32681_211008_042658_PATTERN_8_15_4_0.jpg,crack,95.39086294,27.41116751,115.1878173,45.17766497
6631,BF32681_211008_042658_PATTERN_8_15_4_0.jpg,crack,109.0964467,90.35532995,131.4314721,95.93908629
6632,BF32681_211008_042658_PATTERN_8_15_4_0.jpg,crack,152.2436548,89.84771574,169.5025381,96.44670051
6633,BF32681_211008_042658_PATTERN_8_15_4_0.jpg,crack,180.1624365,89.34010152,196.9137056,96.95431472
6634,BF32681_211008_042658_PATTERN_8_15_4_0.jpg,crack,92.85279188,88.83248731,106.0507614,96.95431472
6635,BF32681_211008_042658_PATTERN_8_15_4_0.jpg,crack,349.7055838,26.9035533,367.9796954,53.29949239
6636,BF32681_211008_042658_PATTERN_8_15_4_0.jpg,crack,385.7461929,24.36548223,413.1573604,40.10152284
6637,BF32681_211008_042658_PATTERN_8_15_4_0.jpg,crack,87.26903553,106.5989848,92.85279188,116.751269
6638,BF32681_211008_042658_PATTERN_8_16_4_0.jpg,crack,315.1878173,86.29441624,404.5279188,108.1218274
6639,BF32681_211008_042658_PATTERN_8_16_4_0.jpg,crack,325.8477157,71.57360406,342.0913706,83.24873096
6640,BF32681_211008_042658_PATTERN_8_16_4_0.jpg,crack,317.2182741,24.87309645,363.9187817,60.40609137
6641,BF32681_211008_042658_PATTERN_8_16_4_0.jpg,crack,374.071066,26.9035533,415.1878173,55.83756345
6642,BF32681_211008_042658_PATTERN_8_16_4_0.jpg,crack,85.74619289,24.36548223,133.4619289,49.74619289
6643,BF32681_211008_042658_PATTERN_8_16_4_0.jpg,crack,134.4771574,21.31979695,158.3350254,45.68527919
6644,BF32681_211008_042658_PATTERN_8_16_4_0.jpg,crack,160.3654822,22.33502538,179.6548223,47.20812183
6645,BF32681_211008_042658_PATTERN_8_16_4_0.jpg,crack,180.6700508,24.36548223,191.3299492,36.04060914
6646,BF32681_211008_042658_PATTERN_8_16_4_0.jpg,crack,198.9441624,23.35025381,212.142132,37.05583756
6647,BF32681_211008_042658_PATTERN_8_16_4_0.jpg,crack,105.5431472,83.75634518,129.4010152,94.92385787
6648,BF32681_211008_042658_PATTERN_8_16_4_0.jpg,crack,204.5279188,89.84771574,222.8020305,98.98477157
6649,BF32681_211008_042658_PATTERN_8_16_4_0.jpg,crack,250.213198,85.27918782,276.1015228,98.47715736
6650,BF32681_211008_042658_PATTERN_8_17_4_0.jpg,crack,202.4974619,36.54822335,215.1878173,51.26903553
6651,BF32681_211008_042658_PATTERN_8_17_4_0.jpg,crack,200.4670051,62.43654822,211.1269036,80.7106599
6652,BF32681_211008_042658_PATTERN_8_17_4_0.jpg,crack,181.177665,67.00507614,195.3908629,88.3248731
6653,BF32681_211008_042658_PATTERN_8_17_4_0.jpg,crack,187.7766497,83.75634518,229.4010152,90.86294416
6654,BF32681_211008_042658_PATTERN_8_17_4_0.jpg,crack,244.1218274,77.66497462,293.3604061,89.34010152
6655,BF32681_211008_042658_PATTERN_8_17_4_0.jpg,crack,292.8527919,77.66497462,328.893401,85.27918782
6656,BF32681_211008_042658_PATTERN_8_17_4_0.jpg,crack,291.3299492,68.52791878,300.9746193,77.66497462
6657,BF32681_211008_042658_PATTERN_8_17_4_0.jpg,crack,338.5380711,73.0964467,356.8121827,83.75634518
6658,BF32681_211008_042658_PATTERN_8_17_4_0.jpg,crack,354.7817259,58.37563452,379.6548223,75.12690355
6659,BF32681_211008_042658_PATTERN_8_17_4_0.jpg,crack,362.3959391,77.15736041,392.8527919,88.83248731
6660,BF32681_211008_042658_PATTERN_8_17_4_0.jpg,crack,181.177665,94.41624365,205.5431472,100
6661,BF32681_211008_042658_PATTERN_8_17_4_0.jpg,crack,211.1269036,94.41624365,223.3096447,100
6662,BF32681_211008_042658_PATTERN_8_17_4_0.jpg,crack,163.4111675,83.24873096,399.4517766,121.319797
6663,BF32681_211008_042658_PATTERN_8_17_4_0.jpg,crack,383.715736,37.05583756,395.3908629,52.28426396
6664,BF32681_211008_042658_PATTERN_8_17_4_0.jpg,crack,405.035533,29.44162437,431.9390863,48.73096447
6665,BF32681_211008_042658_PATTERN_8_18_4_0.jpg,crack,231.4314721,87.30964467,277.1167513,93.90862944
6666,BF32681_211008_042658_PATTERN_8_18_4_0.jpg,crack,246.1522843,73.0964467,259.3502538,84.26395939
6667,BF32681_211008_042658_PATTERN_8_18_4_0.jpg,crack,276.6091371,83.24873096,294.3756345,94.92385787
6668,BF32681_211008_042658_PATTERN_8_18_4_0.jpg,crack,294.8832487,86.80203046,306.5583756,93.90862944
6669,BF32681_211008_042658_PATTERN_8_18_4_0.jpg,crack,306.0507614,85.27918782,335.4923858,94.92385787
6670,BF32681_211008_042658_PATTERN_8_18_4_0.jpg,crack,300.4670051,70.55837563,313.6649746,84.26395939
6671,BF32681_211008_042658_PATTERN_8_18_4_0.jpg,crack,278.6395939,67.51269036,286.2538071,76.14213198
6672,BF32681_211008_042658_PATTERN_8_27_4_0.jpg,crack,147.1675127,22.84263959,156.8121827,49.74619289
6673,BF32681_211008_042658_PATTERN_8_27_4_0.jpg,crack,102.4974619,22.33502538,140.5685279,43.65482234
6674,BF32681_211008_042658_PATTERN_8_27_4_0.jpg,crack,119.7563452,82.74111675,162.9035533,93.90862944
6675,BF32681_211008_042658_PATTERN_8_27_4_0.jpg,crack,200.4670051,86.29441624,238.5380711,95.43147208
6676,BF32681_211008_042658_PATTERN_8_27_4_0.jpg,crack,204.5279188,30.96446701,216.2030457,53.8071066
6677,BF32681_211008_042658_PATTERN_9_17_4_0.jpg,crack,527.3705584,2.030456853,547.6751269,28.42639594
6678,BF32681_211008_042658_PATTERN_9_17_4_0.jpg,crack,391.3299492,319.2893401,401.9898477,359.8984772
6679,BF32681_211008_042658_PATTERN_9_17_4_0.jpg,crack,394.3756345,281.2182741,408.0812183,298.4771574
6680,BF32681_211008_042658_PATTERN_9_17_4_0.jpg,crack,391.3299492,242.6395939,400.9746193,256.3451777
6681,BF32681_211008_042658_PATTERN_9_17_4_0.jpg,crack,392.8527919,219.7969543,405.035533,241.1167513
6682,BF32681_211008_042658_PATTERN_9_17_4_0.jpg,crack,393.8680203,179.6954315,412.142132,210.6598985
6683,BF32681_211008_042658_PATTERN_9_17_4_0.jpg,crack,392.3451777,153.2994924,404.5279188,177.1573604
6684,BF32681_211008_042658_PATTERN_9_17_4_0.jpg,crack,393.8680203,108.1218274,405.035533,124.8730964
6685,BF32681_211008_042658_PATTERN_9_17_4_0.jpg,crack,285.7461929,91.87817259,296.9137056,98.98477157
6686,BF32681_211008_042658_PATTERN_9_17_4_0.jpg,crack,309.6040609,90.86294416,322.2944162,98.98477157
6687,BF32683_210921_152028_PATTERN_15_47_4_0.jpg,crack,396.9137056,257.8680203,426.8629442,288.8324873
6688,BF32683_210921_152028_PATTERN_15_47_4_0.jpg,crack,537.84375,452.9375,563.625,483.40625
6689,BF32683_210921_152028_PATTERN_23_26_4_0.jpg,crack,92.34517766,157.3604061,124.3248731,200
6690,BF32683_210921_152028_PATTERN_32_23_5_0.jpg,crack,27.37055838,15.73604061,71.02538071,50.25380711
6691,BF32683_211008_042658_PATTERN_16_25_7_0.jpg,crack,338.0304569,97.46192893,384.7309645,140.1015228
6692,BF32683_211008_042658_PATTERN_16_25_7_0.jpg,crack,347.6751269,347.715736,382.1928934,388.8324873
6693,BF32683_211008_042658_PATTERN_16_26_7_0.jpg,crack,346.6598985,337.0558376,392.8527919,385.786802
6694,BF32683_211008_042658_PATTERN_16_26_7_0.jpg,crack,341.5837563,92.89340102,384.7309645,135.5329949
6695,BF32683_211008_042658_PATTERN_25_9_7_0.jpg,crack,363.4111675,95.93908629,401.9898477,148.7309645
6696,BF32683_211008_042658_PATTERN_9_13_4_0.jpg,crack,237.0152284,395.4314721,259.3502538,419.2893401
6697,BF32683_211008_042658_PATTERN_9_13_4_0.jpg,crack,227.3705584,378.680203,265.9492386,406.5989848
6698,BF32683_211028_075919_PATTERN_26_7_4_0.jpg,crack,72.04060914,95.93908629,104.5279188,130.964467
6699,BF32683_211028_075919_PATTERN_34_0_4_0.jpg,crack,276.1015228,301.0152284,305.035533,354.822335
6700,BF32683_211028_075919_PATTERN_6_43_4_0.jpg,crack,280.6700508,419.2893401,309.6040609,438.071066
6701,BF32685_210912_133842_PATTERN_35_8_2_0.jpg,crack,84.73096447,96.44670051,111.6345178,215.7360406
6702,BF32685_210912_133842_PATTERN_37_15_3_0.jpg,crack,486.7614213,176.6497462,527.3705584,308.6294416
6703,BF32685_210912_133842_PATTERN_37_30_3_0.jpg,crack,482.7005076,176.142132,531.9390863,304.0609137
6704,BF32685_210912_133842_PATTERN_37_29_7_0.jpg,crack,486.7614213,177.6649746,526.8629442,310.6598985
6705,BF32685_210912_133842_PATTERN_37_36_3_0.jpg,crack,483.2081218,184.2639594,527.8781726,312.6903553
6706,BF32685_210912_133842_PATTERN_37_5_7_0.jpg,crack,483.715736,192.893401,522.2944162,311.6751269
6707,BF32685_210912_133842_PATTERN_37_5_7_0.jpg,crack,90.82233503,90.86294416,123.3096447,390.8629442
6708,BF32685_210912_133842_PATTERN_37_6_3_0.jpg,crack,483.2081218,186.8020305,521.2791878,314.7208122
6709,BF32685_210912_133842_PATTERN_37_6_3_0.jpg,crack,92.85279188,94.92385787,132.4467005,397.4619289
6710,BF32685_210912_133842_PATTERN_18_15_4_0.jpg,crack,541.5837563,343.6548223,559.3502538,383.248731
6711,BF32685_210912_133842_PATTERN_18_15_4_0.jpg,crack,483.2081218,178.680203,525.8477157,311.6751269
6712,BF32685_210912_133842_PATTERN_18_15_4_0.jpg,crack,69.50253807,426.3959391,98.43654822,448.2233503
6713,BF32685_210912_133842_PATTERN_18_46_7_0.jpg,crack,484.2233503,168.5279188,522.8020305,304.0609137
6714,BF32685_210912_133842_PATTERN_18_46_7_0.jpg,crack,36.50761421,424.8730964,70.01015228,450.2538071
6715,BF32685_210912_133842_PATTERN_18_7_7_0.jpg,crack,482.1928934,196.9543147,523.3096447,304.0609137
6716,BF32685_210912_133842_PATTERN_18_7_7_0.jpg,crack,366.964467,345.6852792,394.3756345,385.2791878
6717,BF32685_210912_133842_PATTERN_26_29_7_0.jpg,crack,88.79187817,94.41624365,117.7258883,394.4162437
6718,BF32685_210912_133842_PATTERN_27_13_7_0.jpg,crack,91.32994924,89.84771574,124.8324873,392.893401
6719,BF32685_210912_133842_PATTERN_27_9_7_0.jpg,crack,85.74619289,95.43147208,111.6345178,310.1522843
6720,BF32685_210912_133842_PATTERN_28_6_3_0.jpg,crack,90.31472081,95.43147208,114.680203,348.2233503
6721,BF32685_210912_133842_PATTERN_31_42_3_0.jpg,crack,536.5076142,347.2081218,559.3502538,374.6192893
6722,BF32685_210912_133842_PATTERN_37_18_3_0.jpg,crack,485.7461929,176.6497462,524.8324873,319.7969543
6723,BF32685_210912_133842_PATTERN_37_18_3_0.jpg,crack,210.6192893,69.03553299,301.9898477,98.47715736
6724,BF32685_210912_133842_PATTERN_37_18_3_0.jpg,crack,185.7461929,92.3857868,218.2335025,113.1979695
6725,BF32685_210912_133842_PATTERN_37_21_3_0.jpg,crack,488.7918782,178.1725888,527.8781726,310.1522843
6726,BF32685_210912_133842_PATTERN_37_27_3_0.jpg,crack,483.715736,185.786802,525.8477157,314.213198
6727,BF32704_210930_072142_PATTERN_30_28_4_0.jpg,crack,499.1025641,395.3846154,553.4615385,445.6410256
6728,BF32704_210930_072142_PATTERN_36_8_4_0.jpg,crack,2.692307692,301.5384615,23.71794872,324.6153846
6729,BF32704_210930_072142_PATTERN_36_8_4_0.jpg,crack,442.1794872,167.6923077,467.3076923,206.6666667
6730,BF32706_211005_105025_PATTERN_11_47_4_0.jpg,crack,241.5837563,392.3857868,258.8426396,403.5532995
6731,BF32706_211005_105025_PATTERN_11_47_4_0.jpg,crack,86.76142132,365.9898477,97.4213198,388.8324873
6732,BF32706_211005_105025_PATTERN_11_47_4_0.jpg,crack,92.85279188,397.9695431,116.2030457,405.5837563
6733,BF32706_211005_105025_PATTERN_14_47_4_0.jpg,crack,74.5786802,281.7258883,92.85279188,342.1319797
6734,BF32706_211005_105025_PATTERN_24_47_4_0.jpg,crack,86.25380711,369.5431472,97.92893401,387.3096447
6735,BF32706_211005_105025_PATTERN_24_47_4_0.jpg,crack,95.39086294,386.8020305,124.3248731,405.0761421
6736,BF32706_211005_105025_PATTERN_24_47_4_0.jpg,crack,156.8121827,384.7715736,174.5786802,390.8629442
6737,BF32706_211005_105025_PATTERN_24_47_4_0.jpg,crack,314.1725888,383.7563452,460.8730964,424.8730964
6738,BF32721_210825_125724_PATTERN_12_23_4_0.jpg,crack,242.6923077,423.5897436,278.5897436,463.5897436
6739,BF32721_210825_125724_PATTERN_1_7_4_0.jpg,crack,461.1538462,51.79487179,543.7179487,112.3076923
6740,BF32721_210825_125724_PATTERN_24_15_4_0.jpg,crack,267.3076923,29.23076923,329.8717949,83.58974359
6741,BF32721_210825_125724_PATTERN_25_42_4_0.jpg,crack,89.87179487,261.5384615,113.974359,292.8205128
6742,BF32721_210825_125724_PATTERN_25_42_4_0.jpg,crack,91.41025641,265.6410256,109.3589744,287.1794872
6743,BF32721_210825_125724_PATTERN_27_17_4_0.jpg,crack,426.2820513,340,571,435
6744,BF32721_210825_125724_PATTERN_33_22_6_0.jpg,crack,350.3846154,359.4871795,397.5641026,396.4102564
6745,BF32721_210825_125724_PATTERN_33_22_6_0.jpg,crack,374.4871795,371.2820513,409.8717949,392.8205128
6746,BF32721_210825_125724_PATTERN_6_11_9_0.jpg,crack,500.1282051,188.2051282,535,319.4871795
6747,BF32721_210825_125724_PATTERN_8_46_4_0.jpg,crack,412.9487179,24.61538462,448.3333333,68.20512821
6748,BF32725_210912_133843_PATTERN_33_13_3_0.jpg,crack,89.29949239,91.37055838,112.142132,378.680203
6749,BF32725_210912_133843_PATTERN_0_16_4_0.jpg,crack,151.2284264,72.08121827,175.5939086,88.83248731
6750,BF32725_210912_133843_PATTERN_10_20_3_0.jpg,crack,92.34517766,93.90862944,112.6497462,358.8832487
6751,BF32725_210912_133843_PATTERN_36_31_3_0.jpg,crack,89.8071066,89.34010152,109.6040609,305.5837563
6752,BF32725_210912_133843_PATTERN_10_5_3_0.jpg,crack,521.8587571,469.740113,543,492
6753,BF32725_210912_133843_PATTERN_23_47_6_0.jpg,crack,92.85279188,92.89340102,140.0609137,139.0862944
6754,BF32725_210912_133843_PATTERN_23_47_6_0.jpg,crack,93.36040609,72.08121827,193.8680203,118.7817259
6755,BF32725_210912_133843_PATTERN_27_13_3_0.jpg,crack,530.9238579,1.52284264,552.2436548,28.42639594
6756,BF32725_210912_133843_PATTERN_27_31_3_0.jpg,crack,351.2284264,55.83756345,397.4213198,92.89340102
6757,BF32725_210912_133843_PATTERN_27_42_4_0.jpg,crack,529.2033898,0,552,29.62711864
6758,BF32725_210912_133843_PATTERN_27_42_4_0.jpg,crack,58.01694915,424.5423729,90.22033898,453.920904
6759,BF32725_210912_133843_PATTERN_27_42_4_0.jpg,crack,92.48022599,85.55932203,111.1242938,397.9887006
6760,BF32725_210912_133843_PATTERN_30_0_4_0.jpg,crack,524.1186441,0,564,22.84745763
6761,BF32725_210912_133843_PATTERN_30_0_4_0.jpg,crack,103.8837209,308.8372093,132.7209302,332.5581395
6762,BF32725_210912_133843_PATTERN_30_0_4_0.jpg,crack,256.3218391,380.0766284,316.8582375,410.3448276
6763,BF32725_210912_133843_PATTERN_30_16_4_0.jpg,crack,322.2944162,402.5380711,345.6446701,432.4873096
6764,BF32725_210912_133843_PATTERN_30_16_4_0.jpg,crack,92.34517766,94.41624365,112.6497462,388.8324873
6765,BF32725_210912_133843_PATTERN_30_19_3_0.jpg,crack,528.6384181,0.813559322,549.5423729,26.23728814
6766,BF32725_210912_133843_PATTERN_30_28_3_0.jpg,crack,529.4010152,5.076142132,551.2284264,32.99492386
6767,BF32725_210912_133843_PATTERN_32_0_4_0.jpg,crack,454.2741117,95.93908629,547.1675127,176.142132
6768,BF32725_210912_133843_PATTERN_32_0_4_0.jpg,crack,323.8172589,262.4365482,364.9340102,308.6294416
6769,BF32725_210912_133843_PATTERN_33_0_4_0.jpg,crack,70.01015228,216.751269,123.8172589,251.7766497
6770,BF32725_210912_133843_PATTERN_7_23_3_0.jpg,crack,89.8071066,90.35532995,114.1725888,397.9695431
6771,BF32725_210912_133843_PATTERN_7_32_3_0.jpg,crack,88.79187817,89.84771574,110.6192893,395.4314721
6772,BF32752_210912_133843_PATTERN_2_47_7_0.jpg,crack,530.8983051,0,553,29.06214689
6773,BF32752_210912_133843_PATTERN_0_1_3_0.jpg,crack,34.98477157,185.2791878,72.54822335,237.0558376
6774,BF32752_210912_133843_PATTERN_0_7_3_0.jpg,crack,516.7740113,466.9152542,545,492
6775,BF32752_210912_133843_PATTERN_37_35_7_0.jpg,crack,484.2233503,180.2030457,529.9086294,323.857868
6776,BF32752_210912_133843_PATTERN_3_16_3_0.jpg,crack,531.9390863,461.928934,553.7664975,486.8020305
6777,BF32752_210912_133843_PATTERN_3_4_3_0.jpg,crack,526.9435028,461.8305085,550,492
6778,BF32752_210912_133843_PATTERN_21_16_4_0.jpg,crack,497.928934,264.4670051,526.8629442,293.9086294
6779,BF32752_210912_133843_PATTERN_25_6_3_0.jpg,crack,532.5932203,0,558,29.06214689
6780,BF32752_210912_133843_PATTERN_27_22_7_0.jpg,crack,499.9593909,182.2335025,533.9695431,311.1675127
6781,BF32752_211008_042658_PATTERN_0_5_8_0.jpg,crack,13,462.3954802,31.46327684,492
6782,BF32752_211008_042658_PATTERN_10_18_4_0.jpg,crack,492.3451777,148.2233503,534.4771574,292.893401
6783,BF32752_211008_042658_PATTERN_10_18_4_0.jpg,crack,38.03045685,256.3451777,92.34517766,339.5939086
6784,BF32752_211008_042658_PATTERN_12_25_5_0.jpg,crack,32.95431472,21.31979695,67.97969543,84.7715736
6785,BF32752_211008_042658_PATTERN_16_27_8_0.jpg,crack,7.169491525,12.11299435,29.20338983,42.05649718
6786,BF32752_211008_042658_PATTERN_29_0_7_0.jpg,crack,475.0862944,165.9898477,527.3705584,297.4619289
6787,BF32752_211008_042658_PATTERN_29_13_7_0.jpg,crack,482.1928934,171.0659898,523.3096447,295.4314721
6788,BF32752_211008_042658_PATTERN_29_15_7_0.jpg,crack,480.6700508,173.0964467,520.2639594,303.5532995
6789,BF32752_211008_042658_PATTERN_7_0_7_0.jpg,crack,342.0913706,77.66497462,385.7461929,114.213198
6790,BF32752_211008_042658_PATTERN_7_0_7_0.jpg,crack,365.4416244,337.0558376,401.4822335,386.8020305
6791,BF32752_211008_042658_PATTERN_7_25_7_0.jpg,crack,357.319797,348.2233503,399.4517766,391.8781726
6792,BF32752_211008_042658_PATTERN_7_25_7_0.jpg,crack,371.0253807,91.37055838,397.928934,121.319797
6793,BF32756_211005_105025_PATTERN_15_46_7_0.jpg,crack,89.29949239,102.0304569,119.248731,400
6794,BF32756_211005_105025_PATTERN_16_39_4_0.jpg,crack,371.0253807,304.0609137,416.7106599,350.2538071
6795,BF32756_211005_105025_PATTERN_22_23_4_0.jpg,crack,369.5025381,327.9187817,394.3756345,363.4517766
6796,BF32756_211005_105025_PATTERN_36_46_4_0.jpg,crack,127.8781726,168.0203046,145.1370558,198.4771574
6797,BF32756_211005_105025_PATTERN_37_7_4_0.jpg,crack,341.0761421,362.9441624,393.8680203,394.9238579
6798,BF32756_211005_105025_PATTERN_3_6_4_0.jpg,crack,455.7969543,403.0456853,488.7918782,442.1319797
6799,BF32756_211005_105025_PATTERN_3_6_4_0.jpg,crack,227.8781726,270.0507614,237.5228426,282.2335025
6800,BF32756_211005_105025_PATTERN_3_6_4_0.jpg,crack,277.1167513,167.5126904,285.7461929,177.6649746
6801,BF32756_211005_105025_PATTERN_3_6_4_0.jpg,crack,134.9847716,169.5431472,141.0761421,175.1269036
6802,BF32756_211005_105025_PATTERN_4_7_4_0.jpg,crack,143.6142132,71.06598985,167.4720812,90.86294416
6803,BF32756_211005_105025_PATTERN_4_7_4_0.jpg,crack,148.1827411,47.71573604,175.0862944,65.4822335
6804,BF32756_211005_105025_PATTERN_4_7_4_0.jpg,crack,47.16751269,34.5177665,65.94923858,62.43654822
6805,BF32756_211005_105025_PATTERN_4_7_4_0.jpg,crack,380.1624365,45.68527919,403.0050761,78.68020305
6806,BF32756_211005_105025_PATTERN_4_7_4_0.jpg,crack,382.7005076,81.72588832,407.5736041,98.47715736
6807,BF32756_211005_105025_PATTERN_4_7_4_0.jpg,crack,404.5279188,49.23857868,428.3857868,68.52791878
6808,BF32756_211005_105025_PATTERN_4_7_4_0.jpg,crack,453.7664975,35.02538071,480.1624365,62.43654822
6809,BF32756_211005_105025_PATTERN_5_6_4_0.jpg,crack,359.857868,61.4213198,386.7614213,94.41624365
6810,BF32756_211005_105025_PATTERN_5_6_4_0.jpg,crack,144.6294416,73.60406091,162.9035533,92.3857868
6811,BF32756_211005_105025_PATTERN_5_6_4_0.jpg,crack,168.4873096,83.24873096,178.6395939,92.3857868
6812,BF32756_211005_105025_PATTERN_5_6_4_0.jpg,crack,49.70558376,19.79695431,82.70050761,47.71573604
6813,BF32756_211005_105025_PATTERN_5_6_4_0.jpg,crack,499.9593909,430.964467,530.4162437,467.0050761
6814,BF32756_211005_105025_PATTERN_5_6_4_0.jpg,crack,328.9655172,450.3448276,374.137931,470
6815,BF32756_211005_105025_PATTERN_5_7_4_0.jpg,crack,46.15228426,203.0456853,85.74619289,248.7309645
6816,BF32756_211005_105025_PATTERN_5_7_4_0.jpg,crack,31.43147208,136.0406091,68.48730964,205.0761421
6817,BF32756_211005_105025_PATTERN_7_45_4_0.jpg,crack,409.0964467,404.0609137,436,453.2994924
6818,BF32779_210917_041635_PATTERN_17_23_4_0.jpg,crack,111.1269036,356.3451777,144.1218274,380.7106599
6819,BF32779_210917_041635_PATTERN_18_14_4_0.jpg,crack,96.91370558,399.4923858,121.2791878,420.8121827
6820,BF32779_210917_041635_PATTERN_21_7_4_0.jpg,crack,500.9746193,354.822335,531.9390863,375.6345178
6821,BF32779_210917_041635_PATTERN_22_8_4_0.jpg,crack,159.857868,353.2994924,174.5786802,376.6497462
6822,BF32779_210917_041635_PATTERN_23_25_4_0.jpg,crack,109.6040609,239.0862944,140.5685279,261.928934
6823,BF32779_210917_041635_PATTERN_6_47_4_0.jpg,crack,363.9187817,90.86294416,396.9137056,116.2436548
6824,BF32791_211008_042658_PATTERN_17_38_7_0.jpg,crack,95.39086294,92.3857868,126.8629442,394.9238579
6825,BF32791_211008_042658_PATTERN_17_8_4_0.jpg,crack,219.7563452,364.9746193,260.8730964,389.3401015
6826,BF32791_211008_042658_PATTERN_19_11_4_0.jpg,crack,198.9441624,122.8426396,231.4314721,153.8071066
6827,BF32791_211008_042658_PATTERN_23_31_4_0.jpg,crack,125.8477157,195.9390863,155.2893401,235.0253807
6828,BF32791_211008_042658_PATTERN_27_16_4_0.jpg,crack,338.5380711,87.81725888,396.9137056,119.2893401
6829,BF32791_211008_042658_PATTERN_27_45_7_0.jpg,crack,341.5837563,90.86294416,399.9593909,394.4162437
6830,BF32791_211008_042658_PATTERN_27_46_7_0.jpg,crack,337.5228426,82.23350254,405.5431472,389.3401015
6831,BF32791_211008_042658_PATTERN_27_47_7_0.jpg,crack,349.7055838,93.40101523,398.9441624,392.893401
6832,BF32791_211008_042658_PATTERN_27_4_4_0.jpg,crack,294.3756345,43.65482234,337.5228426,78.17258883
6833,BF32791_211008_042658_PATTERN_2_45_7_0.jpg,crack,345.1370558,315.7360406,393.8680203,401.0152284
6834,BF32791_211008_042658_PATTERN_2_45_7_0.jpg,crack,372.0406091,103.5532995,399.9593909,146.1928934
6835,BF32791_211008_042658_PATTERN_2_46_7_0.jpg,crack,331.9390863,100.5076142,399.4517766,405.0761421
6836,BF32791_211008_042658_PATTERN_2_47_7_0.jpg,crack,323.8172589,111.6751269,402.4974619,412.6903553
6837,BF32791_211008_042658_PATTERN_33_35_4_0.jpg,crack,296.4060914,170.0507614,331.4314721,204.0609137
6838,BF32791_211008_042658_PATTERN_5_25_4_0.jpg,crack,319.248731,60.91370558,474.5786802,134.5177665
6839,BF32791_211008_042658_PATTERN_5_25_4_0.jpg,crack,319.248731,88.3248731,361.3807107,115.7360406
6840,BF32798_211008_042658_PATTERN_19_12_4_0.jpg,crack,258.3350254,370.5583756,286.7614213,403.0456853
6841,BF32798_211008_042658_PATTERN_4_30_4_0.jpg,crack,110.1116751,423.3502538,153.7664975,443.6548223
6842,BF32798_211008_042658_PATTERN_4_7_4_0.jpg,crack,116.7106599,286.8020305,172.5482234,320.3045685
6843,BF32798_211008_042658_PATTERN_4_7_4_0.jpg,crack,14.68020305,459.8984772,43.6142132,475.1269036
6844,BF32798_211008_042658_PATTERN_6_26_9_0.jpg,crack,490.822335,166.4974619,536.5076142,302.5380711
6845,BF32801_210912_133843_PATTERN_0_38_4_0.jpg,crack,531.4632768,0.248587571,554.6271186,30.75706215
6846,BF32801_210912_133843_PATTERN_0_38_4_0.jpg,crack,313.9491525,176.519774,350.6723164,216.6327684
6847,BF32801_210912_133843_PATTERN_0_6_4_0.jpg,crack,480.1624365,158.8832487,512.6497462,182.7411168
6848,BF32801_210912_133843_PATTERN_11_47_4_0.jpg,crack,44.12182741,280.2030457,95.89847716,303.0456853
6849,BF32801_210912_133843_PATTERN_12_9_4_0.jpg,crack,37.52284264,196.4467005,63.91878173,231.9796954
6850,BF32801_210912_133843_PATTERN_13_47_00_0.jpg,crack,91.83756345,92.89340102,126.8629442,390.8629442
6851,BF32801_210912_133843_PATTERN_4_31_3_0.jpg,crack,43.10659898,101.5228426,66.45685279,120.3045685
6852,BF32801_210912_133843_PATTERN_27_24_3_0.jpg,crack,532,0,555.1920904,32.4519774
6853,BF32801_210912_133843_PATTERN_29_47_6_0.jpg,crack,361.8883249,262.9441624,398.4365482,393.9086294
6854,BF32801_210912_133843_PATTERN_29_47_6_0.jpg,crack,368.4873096,96.95431472,398.9441624,130.4568528
6855,BF32801_210912_133843_PATTERN_8_32_7_0.jpg,crack,523,0,543.5660377,25.90566038
6856,BF32801_210912_133843_PATTERN_8_32_7_0.jpg,crack,371.2389937,343.5157233,398.9119497,395.7169811
6857,BF32801_210912_133843_PATTERN_30_0_3_0.jpg,crack,357.8274112,97.46192893,398.9441624,133.5025381
6858,BF32801_210912_133843_PATTERN_30_0_3_0.jpg,crack,367.9796954,364.4670051,397.928934,401.0152284
6859,BF32801_210912_133843_PATTERN_30_5_3_0.jpg,crack,361.3807107,363.4517766,396.4060914,403.0456853
6860,BF32801_210912_133843_PATTERN_32_3_4_0.jpg,crack,331.9390863,183.7563452,360.3654822,216.2436548
6861,BF32801_210912_133843_PATTERN_32_3_4_0.jpg,crack,364.4263959,92.89340102,397.4213198,123.857868
6862,BF32816_210825_125724_PATTERN_15_12_4_0.jpg,crack,35.51282051,28.71794872,77.05128205,61.02564103
6863,BF32816_210825_125724_PATTERN_23_24_4_0.jpg,crack,29.35897436,52.82051282,57.56410256,80
6864,BF32816_211005_105025_PATTERN_0_21_4_0.jpg,crack,418.2335025,403.5532995,448.6903553,439.0862944
6865,BF32816_211005_105025_PATTERN_0_3_4_0.jpg,crack,209.0964467,201.5228426,242.0913706,235.0253807
6866,BF32816_211005_105025_PATTERN_11_0_4_0.jpg,crack,78.1319797,391.3705584,92.34517766,406.5989848
6867,BF32816_211005_105025_PATTERN_11_0_4_0.jpg,crack,101.9898477,398.9847716,131.4314721,420.3045685
6868,BF32816_211005_105025_PATTERN_11_0_4_0.jpg,crack,137.0152284,395.9390863,161.8883249,408.1218274
6869,BF32816_211005_105025_PATTERN_11_0_4_0.jpg,crack,130.9238579,419.7969543,151.2284264,434.0101523
6870,BF32816_211005_105025_PATTERN_11_0_4_0.jpg,crack,167.9796954,395.4314721,196.4060914,411.1675127
6871,BF32816_211005_105025_PATTERN_11_0_4_0.jpg,crack,219.248731,398.9847716,228.893401,425.3807107
6872,BF32816_211005_105025_PATTERN_17_7_4_0.jpg,crack,92.85279188,298.9847716,115.6954315,332.9949239
6873,BF32816_211005_105025_PATTERN_17_7_4_0.jpg,crack,97.92893401,368.5279188,160.3654822,391.3705584
6874,BF32816_211005_105025_PATTERN_17_7_4_0.jpg,crack,197.928934,294.4162437,218.2335025,365.4822335
6875,BF32816_211005_105025_PATTERN_17_7_4_0.jpg,crack,62.39593909,310.1522843,99.45177665,333.5025381
6876,BF32816_211005_105025_PATTERN_18_16_4_0.jpg,crack,226.3553299,89.84771574,277.6243655,125.8883249
6877,BF32816_211005_105025_PATTERN_18_16_4_0.jpg,crack,244.6294416,73.60406091,264.9340102,115.7360406
6878,BF32816_211005_105025_PATTERN_18_47_4_0.jpg,crack,89.8071066,333.5025381,199.4517766,391.8781726
6879,BF32816_211005_105025_PATTERN_18_47_4_0.jpg,crack,88.28426396,310.6598985,170.0101523,390.3553299
6880,BF32816_211005_105025_PATTERN_23_35_4_0.jpg,crack,209.0964467,137.0558376,258.3350254,173.6040609
6881,BF32816_211005_105025_PATTERN_27_42_4_0.jpg,crack,424.3248731,351.7766497,461.3807107,405.0761421
6882,BF32816_211005_105025_PATTERN_31_4_4_0.jpg,crack,364.4263959,224.3654822,418.2335025,256.3451777
6883,BF32816_211005_105025_PATTERN_31_4_4_0.jpg,crack,347.1675127,209.1370558,393.8680203,257.3604061
6884,BF32990_210915_052946_PATTERN_0_8_8_0.jpg,crack,532.6243655,460.9137056,546.8375635,487.8172589
6885,BF32990_210915_052946_PATTERN_14_16_4_0.jpg,crack,66.12690355,31.97969543,89.47715736,53.29949239
6886,BF32990_210915_052946_PATTERN_19_0_4_0.jpg,crack,269.1725888,115.7360406,278.3096447,127.9187817
6887,BF32990_210915_052946_PATTERN_19_13_00_0.jpg,crack,533.9619772,8.365019011,547.6501901,31.55893536
6888,BF32990_210915_052946_PATTERN_19_19_8_0.jpg,crack,536.177665,336.5482234,559.0203046,364.9746193
6889,BF32990_210915_052946_PATTERN_30_0_58_0.jpg,crack,528.5634518,464.4670051,548.8680203,486.2944162
6890,BF32990_210915_052946_PATTERN_31_17_4_0.jpg,crack,159.5279188,141.1167513,177.2944162,165.4822335
6891,BF32990_210915_052946_PATTERN_35_13_4_0.jpg,crack,477.8020305,435.0253807,501.1522843,455.8375635
6892,BF32990_210915_052946_PATTERN_9_6_4_0.jpg,crack,294.5532995,398.9847716,325.5177665,431.4720812
6893,BF32993_210921_152028_PATTERN_16_1_4_0.jpg,crack,147.8527919,94.92385787,172.7258883,127.4111675
6894,BF32993_210921_152028_PATTERN_2_44_4_0.jpg,crack,217.9035533,282.2335025,271.2030457,335.0253807
6895,BF32993_210921_152028_PATTERN_2_44_4_0.jpg,crack,246.3299492,159.8984772,285.9238579,189.3401015
6896,BF32993_210921_152028_PATTERN_33_38_4_0.jpg,crack,300.1370558,126.3959391,358.5126904,196.4467005
6897,BF32993_210921_152028_PATTERN_37_0_4_0.jpg,crack,339.7309645,74.11167513,395.0609137,94.92385787
6898,BF32993_210921_152028_PATTERN_3_39_4_0.jpg,crack,369.1725888,319.7969543,423.9949239,369.5431472
6899,BF32993_210921_152028_PATTERN_3_44_4_0.jpg,crack,138.2081218,315.7360406,171.7106599,350.7614213
6900,BF32993_210921_152028_PATTERN_3_44_4_0.jpg,crack,104.7179487,239.3162393,321.3846154,334.1880342
6901,BF32993_210921_152028_PATTERN_4_44_4_0.jpg,crack,192.5228426,295.4314721,222.9796954,354.822335
6902,BF32993_210921_152028_PATTERN_4_44_4_0.jpg,crack,226.5329949,130.964467,262.0659898,162.4365482
6903,BF32993_210921_152028_PATTERN_5_37_4_0.jpg,crack,85.92385787,75.12690355,183.893401,152.284264
6904,BF32993_210921_152028_PATTERN_5_41_4_0.jpg,crack,204.7055838,301.0152284,264.6040609,435.0253807
6905,BF32993_210921_152028_PATTERN_5_41_4_0.jpg,crack,523.9661017,0,537,19.45762712
6906,BF32993_210921_152028_PATTERN_6_44_4_0.jpg,crack,187.4467005,160.9137056,209.2741117,192.3857868
6907,BF32993_210921_152028_PATTERN_6_44_4_0.jpg,crack,197.5989848,123.3502538,218.4111675,139.0862944
6908,BF32993_210921_152028_PATTERN_6_44_4_0.jpg,crack,25.5177665,221.8274112,80.34010152,293.4010152
6909,BF33018_210901_091717_PATTERN_6_29_4-6_0.jpg,crack,373.6153846,343.5897436,403.3589744,372.8205128
6910,BF33018_210901_091717_PATTERN_6_29_4-6_0.jpg,crack,349,321.5384615,401.3076923,387.1794872
6911,BF33018_210901_091717_PATTERN_8_11_4_0.jpg,crack,78.23076923,261.5384615,93.61538462,296.9230769
6912,BF33030_210915_052946_PATTERN_0_40_4_0.jpg,crack,87.95431472,84.7715736,123.4873096,91.87817259
6913,BF33030_210915_052946_PATTERN_0_40_4_0.jpg,crack,178.3096447,409.1370558,185.4162437,424.8730964
6914,BF33030_210915_052946_PATTERN_10_36_4_0.jpg,crack,281.8629442,22.33502538,304.7055838,66.49746193
6915,BF33030_210915_052946_PATTERN_10_36_4_0.jpg,crack,395.5685279,210.1522843,404.7055838,230.964467
6916,BF33030_210915_052946_PATTERN_1_20_40_0.jpg,crack,370.6954315,372.0812183,394.0456853,393.9086294
6917,BF33030_210915_052946_PATTERN_20_4_4_0.jpg,crack,373.2335025,368.5279188,395.5685279,395.4314721
6918,BF33030_210915_052946_PATTERN_20_4_4_0.jpg,crack,375.2639594,91.37055838,395.5685279,120.3045685
6919,BF33030_210915_052946_PATTERN_20_4_4_0.jpg,crack,88.46192893,81.72588832,110.2893401,95.93908629
6920,BF33030_210915_052946_PATTERN_20_4_4_0.jpg,crack,242.2690355,89.34010152,259.5279188,93.90862944
6921,BF33030_210915_052946_PATTERN_20_4_4_0.jpg,crack,150.8984772,89.84771574,220.4416244,96.44670051
6922,BF33030_210915_052946_PATTERN_20_4_4_0.jpg,crack,81.35532995,100,91,115.2284264
6923,BF33030_210915_052946_PATTERN_23_0_4_0.jpg,crack,106.2284264,86.29441624,112.8274112,93.90862944
6924,BF33030_210915_052946_PATTERN_23_0_4_0.jpg,crack,322.9796954,86.80203046,341.7614213,91.87817259
6925,BF33030_210915_052946_PATTERN_23_0_4_0.jpg,crack,348.8680203,80.20304569,392.5228426,91.87817259
6926,BF33030_210915_052946_PATTERN_29_0_4_0.jpg,crack,286.4314721,82.74111675,303.1827411,90.86294416
6927,BF33030_210915_052946_PATTERN_29_0_4_0.jpg,crack,333.6395939,88.3248731,350.3908629,95.43147208
6928,BF33030_210915_052946_PATTERN_29_0_4_0.jpg,crack,394.5532995,96.44670051,406.2284264,168.5279188
6929,BF33030_210915_052946_PATTERN_29_0_4_0.jpg,crack,392.5228426,172.5888325,402.1675127,292.893401
6930,BF33030_210915_052946_PATTERN_29_0_4_0.jpg,crack,227.5482234,87.81725888,249.3756345,95.43147208
6931,BF33030_210915_052946_PATTERN_2_40_4_0.jpg,crack,327.182266,31.03448276,395.6551724,66.99507389
6932,BF33030_210915_052946_PATTERN_32_10_4_0.jpg,crack,404.7055838,152.7918782,438.2081218,171.0659898
6933,BF33030_210915_052946_PATTERN_37_2_8_0.jpg,crack,530.5939086,462.4365482,553.9441624,489.3401015
6934,BF33030_210915_052946_PATTERN_5_12_8_0.jpg,crack,537.7005076,337.0558376,564.0964467,386.2944162
6935,BF33030_210915_052946_PATTERN_5_46_6_0.jpg,crack,531.8757062,0.813559322,555.039548,25.10734463
6936,BF33030_210915_052946_PATTERN_5_46_6_0.jpg,crack,235.7179487,371.8717949,348.5384615,401.1025641
6937,BF33040_210929_070722_PATTERN_2_43_4_0.jpg,crack,420.2820513,366.1538462,472.5897436,380.5128205
6938,BF33051_210915_052946_PATTERN_16_0_4_0.jpg,crack,316.4714829,243.3460076,331.3003802,260.8365019
6939,BF33051_210915_052946_PATTERN_19_21_4_0.jpg,crack,36.17766497,79.18781726,50.89847716,104.5685279
6940,BF33051_210915_052946_PATTERN_19_35_4_0.jpg,crack,216.3807107,143.6548223,239.2233503,154.822335
6941,BF33056_210921_152029_PATTERN_9_28_6_0.jpg,crack,94.55329949,90.35532995,131.1015228,243.6548223
6942,BF33056_210921_152029_PATTERN_10_0_6_0.jpg,crack,103.6903553,123.857868,153.4365482,250.2538071
6943,BF33056_210921_152029_PATTERN_10_22_6_0.jpg,crack,100.6446701,97.96954315,129.5786802,125.3807107
6944,BF33056_210921_152029_PATTERN_10_22_6_0.jpg,crack,97.09137056,130.4568528,123.4873096,177.6649746
6945,BF33056_210921_152029_PATTERN_10_22_6_0.jpg,crack,96.07614213,186.2944162,121.964467,297.4619289
6946,BF33056_210921_152029_PATTERN_10_24_5_0.jpg,crack,91,89.34010152,128.0558376,397.4619289
6947,BF33056_210921_152029_PATTERN_10_27_6_0.jpg,crack,96.07614213,93.90862944,123.4873096,390.8629442
6948,BF33056_210921_152029_PATTERN_11_0_6_0.jpg,crack,98.6142132,141.1167513,150.8984772,243.1472081
6949,BF33056_210921_152029_PATTERN_11_17_6_0.jpg,crack,116.8883249,155.3299492,143.7918782,179.6954315
6950,BF33056_210921_152029_PATTERN_11_18_6_0.jpg,crack,104.1979695,145.6852792,132.1167513,177.6649746
6951,BF33056_210921_152029_PATTERN_11_19_6_0.jpg,crack,97.09137056,206.0913706,135.1624365,277.6649746
6952,BF33056_210921_152029_PATTERN_11_20_6_0.jpg,crack,99.62944162,254.3147208,138.715736,288.3248731
6953,BF33056_210921_152029_PATTERN_11_21_6_0.jpg,crack,101.6598985,107.106599,129.071066,122.8426396
6954,BF33056_210921_152029_PATTERN_11_21_6_0.jpg,crack,98.6142132,129.9492386,146.8375635,229.9492386